mm_name,normalized_name
'Wari,'wari
'Wari (Bird),'wari
Abishai (Baatezu),abishai
"Abishai, Black",abishai black
"Abishai, Green",abishai green
Adult,adult
Aerial Servant,aerial servant
"Aerial Servant (Elemental, Air-kin)",aerial servant
African Elephant (Elephant),african elephant
"Air Elemental (Elemental, Air/Earth)",air elemental
Air/Earth,air/earth
Algorn,algorn
Algorn (Titan),algorn
Amethyst Dragon,amethyst dragon
Amphisbaena,amphisbaena
Amphisbaena (Snake),amphisbaena
Androsphinx,androsphinx
Androsphinx (Sphinx),androsphinx
Animal,animal
Ankylosaurus,ankylosaurus
Ankylosaurus (Dinosaur),ankylosaurus
Ant (Insect),ant
Ant Lion (Insect),ant lion
"Ant Lion, Giant",ant lion giant
"Ant, Giant",ant giant
Antelope,antelope
"Antelope (Mammal, Herd)",antelope
Antherion--Jackalwere,antherion--jackalwere
Antherion--Wolfwere,antherion--wolfwere
"Ape, Carnivorous",ape carnivorous
"Ape, Carnivorous (Mammal)",ape carnivorous
Appendix I: Instructions for the Blank Monster Form,appendix i: instructions for blank monster form
Appendix II: Monster Summoning Tables,appendix ii: monster summoning tables
Appendix III: NPCs,appendix iii: npcs
Aquatic,aquatic
"Aquatic Monster Summoning, Fresh Water",aquatic monster summoning fresh water
"Aquatic Monster Summoning, Salt Water",aquatic monster summoning salt water
Aratha,aratha
Aratha (Insect),aratha
Arcane,arcane
Arctic Tempest,arctic tempest
"Arctic Tempest (Elemental, Composite)",arctic tempest
Argos,argos
Ascomoid (Fungus),ascomoid
Aspis (Insect),aspis
"Aspis, Cow",aspis cow
"Aspis, Drone",aspis drone
"Aspis, Worker",aspis worker
Assassin Bug,assassin bug
Assassin Bug (Insect),assassin bug
Astereater,astereater
Atomie,atomie
Aurumvorax,aurumvorax
Azmyth,azmyth
Azmyth (Bat),azmyth
"Baboon, Wild",baboon wild
"Baboon, Wild (Mammal)",baboon wild
Badger,badger
Bagder (Mammal),bagder
Banderlog,banderlog
Banderlog (Mammal),banderlog
Barracuda,barracuda
Barracuda (Fish),barracuda
Bat,bat
Bear,bear
Beaver,beaver
"Beaver (Mammal, Small)",beaver
Bee (Insect),bee
"Bee, Soldier",bee soldier
"Bee, Worker",bee worker
"Beetle, Giant",beetle giant
Behir,behir
Beholder and Beholder-kin,beholder and beholder-kin
Beholder Mage,beholder mage
Bhaergala,bhaergala
Bhaergala (Mammal),bhaergala
Bird,bird
Bird Maiden,bird maiden
Black Abishai,black abishai
Black Cloud,black cloud
"Black Cloud (Elemental, Composite)",black cloud
Black Dragon,black dragon
Bleeder,bleeder
Blink,blink
Blink Dog,blink dog
Blue Dragon,blue dragon
Bluebottle,bluebottle
Boalisk,boalisk
Boalisk (Snake),boalisk
"Boar, Wild",boar wild
"Boar, Wild (Mammal)",boar wild
Bombardier,bombardier
Bone,bone
Boobrie,boobrie
Boring,boring
Brain Mole,brain mole
"Brain, Flying (Grell)",brain flying
Brass Dragon,brass dragon
Broken One,broken one
Bronze Dragon,bronze dragon
Brown,brown
Brown Dragon,brown dragon
Brownie,brownie
Buffalo,buffalo
"Buffalo (Mammal, Herd)",buffalo
Bullywug,bullywug
Bumblebee,bumblebee
Camel,camel
"Camel (Mammal, Herd)",camel
Carnivorous Ape (Mammal),carnivorous ape
"Carp, Giant",carp giant
"Carp, Giant (Fish)",carp giant
Casharin,casharin
Casharin (Beholder),casharin
"Catfish, Giant",catfish giant
"Catfish, Giant (Fish)",catfish giant
Cattle,cattle
"Cattle (Mammal, Herd)",cattle
Cave,cave
Cave Cricket,cave cricket
Cave Cricket (Insect),cave cricket
Cave Fisher,cave fisher
Centipede,centipede
Character Subtable,character subtable
Chattur,chattur
Chattur (Mammal),chattur
Chipmunk,chipmunk
"Chipmunk (Mammal, Small)",chipmunk
Choke Creeper,choke creeper
"Choke Creeper (Plant, Dangerous)",choke creeper
Clay,clay
"Clay Golem (Golem, Lesser)",clay golem
Cloud,cloud
Cloud Dragon,cloud dragon
Common,common
Conjured Animals,conjured animals
Constrictor,constrictor
Constrictor (Snake),constrictor
"Constrictor, Giant",constrictor giant
Contents,contents
Cooshee,cooshee
Cooshee (Mammal),cooshee
Copper Dragon,copper dragon
Cow,cow
Crabman,crabman
Crawling Claw,crawling claw
Credits,credits
"Creeper Zombie (Plant, Dangerous)",creeper zombie
"Crimson Death (Mist, Crimson Death)",crimson death
Criosphinx,criosphinx
Criosphinx (Sphinx),criosphinx
Crocodile,crocodile
"Crustacean, Giant",crustacean giant
Cryohydra (Hydra),cryohydra
Crypt Thing,crypt thing
Crystal Dragon,crystal dragon
Crystal Ooze,crystal ooze
Cyclcops,cyclcops
"Cyclcops, (Giant)",cyclcops
Cyclcopskin,cyclcopskin
Cyrohydra,cyrohydra
"Daemon, Guardian (Yugoloth, Guardian)",daemon guardian
Dakon,dakon
Dakon (Mammal),dakon
Dao,dao
"Dark Elf (Elf, Drow)",dark elf
"Dark Naga (Naga, Dark)",dark naga
Death,death
Death Kiss (Beholder),death kiss
Death Kiss (Bleeder),death kiss
Death Worm (Necrophidius),death worm
Debbi,debbi
Debbi (Mammal),debbi
Deep,deep
Deep Dragon,deep dragon
Deep Gnome (Svirfneblin),deep gnome
Deepspawn,deepspawn
Deinonychus,deinonychus
Deinonychus (Dinosaur),deinonychus
Derro,derro
Derro (Dwarf),derro
Desert,desert
Desert Giant,desert giant
Dinosaur,dinosaur
Diplodocus,diplodocus
Diplodocus (Dinosaur),diplodocus
Director,director
Director (Beholder),director
Djinn (Genie),djinn
Dog,dog
"Dog, Moon",dog moon
Doll,doll
Dolphin,dolphin
Domestic,domestic
"Domestic Pig (Mammal, Small)",domestic pig
Doomsphere,doomsphere
Doomsphere (Beholder),doomsphere
Dracolisk,dracolisk
Dracolisk (Basilisk),dracolisk
Draft,draft
"Dragon, General",general
Dragonet,dragonet
Dragonfish,dragonfish
Dragonfly (Insect),dragonfly
"Dragonfly, Giant",dragonfly giant
"Dragonfly, Larva",dragonfly larva
Dragonne,dragonne
Drider,drider
"Drider (Elf, Drow)",drider
Drone,drone
Drow (Dark),drow
"Drow (Elf, Drow)",drow
Dryad,dryad
Dun,dun
Dwarf,dwarf
Eagle,eagle
Ear Seeker,ear seeker
Ear Seeker (Insect),ear seeker
"Earth Elemental (Elemental, Air/Earth)",earth elemental
Eastern,eastern
Eblis,eblis
Eblis (Bird),eblis
Eel (Fish),eel
"Eel, Electric",eel electric
Elasmosaurus,elasmosaurus
Elasmosaurus (Dinosaur),elasmosaurus
Elder Orb,elder orb
Elder Orb (Beholder),elder orb
Electric,electric
Electric Eel (Fish),electric eel
Elemental,elemental
"Elemental, Air-Kin",elemental air-kin
"Elemental, Composite",elemental composite
"Elemental, Fire-Kin",elemental fire-kin
"Elemental, Water-Kin",elemental water-kin
Elephant,elephant
Elf,elf
Elven,elven
"Elven Cat (Cat, Small)",elven cat
Emerald Dragon,emerald dragon
Emre,emre
Emre (Bird),emre
Ermine,ermine
"Ermine (Mammal, Small)",ermine
Examiner,examiner
Examiner (Beholder),examiner
Eye of the Deep (Beholder),eye of deep
Eye of the Deep (Water),eye of deep
Eyewing,eyewing
"Faerie (Elf, Grey)",faerie
Faerie Dragon,faerie dragon
Faerie Dragon (Dragonet),faerie dragon
Faun (Satyr),faun
Ferret,ferret
"Ferret (Mammal, Small)",ferret
Feyr,feyr
Firbolg,firbolg
Fire,fire
Fire Elemental (Elemental Fire/Water),fire elemental
Fire Snake,fire snake
"Fire Snake (Elemental, Fire-Kin)",fire snake
Fire/Water,fire/water
Firedrake,firedrake
Firedrake (Dragonet),firedrake
Firefriend,firefriend
Firefriend (Insect),firefriend
Fish,fish
Flesh,flesh
Flightless,flightless
Flind (Gnoll),flind
Fly (Insect),fly
"Fly, Bluebottle",fly bluebottle
"Fly, Horsefly",fly horsefly
Flying Brain,flying brain
"Flying Squirrel (Mammal, Small)",flying squirrel
Fog,fog
Fog Giant,fog giant
Forest,forest
Formorian,formorian
Fox,fox
"Fox (Mammal, Small)",fox
"Foxwoman (Lycanthrope, Werefox)",foxwoman
Frog,frog
Frost,frost
Fungus,fungus
Fungus Man (Myconid),fungus man
Fyrefly,fyrefly
Fyrefly (Insect),fyrefly
Galeb Duhr,galeb duhr
Gargantua,gargantua
Gargantuan,gargantuan
Gas Spore (Fungus),gas spore
Gauth,gauth
Gauth (Beholder),gauth
General,general
Genie,genie
Ghast (Ghoul),ghast
Giant,giant
"Giant Black Squirrel (Mammal, Small)",giant black squirrel
"Giant Crab (Crustacean, Giant)",giant crab
"Giant Crayfish (Crustacean, Giant)",giant crayfish
Giant Pig (Mammal),giant pig
Giant Pike (Fish),giant pike
Giant Piranha (Fish),giant piranha
Giant Seahorse (Fish),giant seahorse
Giant Shark (Fish),giant shark
"Giant Skeleton (Skeleton, Giant)",giant skeleton
Giant Spitting,giant spitting
"Giant, Eel (Fish)",giant eel
"Giant, Sea",giant sea
Gibberling,gibberling
Giff,giff
Girzon,girzon
Girzon (Titan),girzon
Gith,gith
"Gith, Pirate",gith pirate
Githyanki,githyanki
Githzerai,githzerai
Glass,glass
"Glass Golem (Golem, Glass)",glass golem
Gloomwing,gloomwing
Gloomwing Moth,gloomwing moth
Glyptar,glyptar
Glyptar (Medusa),glyptar
"Gnome, Spriggan",gnome spriggan
Goat,goat
Goat (Mammal),goat
Gold Dragon,gold dragon
Golem,golem
"Golem, General",golem general
"Golem, Greater",golem greater
"Golem, Lesser",golem lesser
"Golem, Stone Variants",golem stone variants
Gopher,gopher
"Gopher (Mammal, Small)",gopher
Gorbel,gorbel
Gorbel (Beholder),gorbel
Gorgimera,gorgimera
Gorilla,gorilla
Gorilla (Mammal),gorilla
Grasshoppers,grasshoppers
Greater,greater
Green Abishai (Baatezu),green abishai
Green Dragon,green dragon
Grell,grell
Gremlin,gremlin
"Gremlin, Jermalaine",gremlin jermalaine
Grey (Faerie),grey
Grey Ooze,grey ooze
Grig,grig
Grig (Sprite),grig
Grimlock,grimlock
Grippli,grippli
Groaning Spirit (Banshee),groaning spirit
Guardian,guardian
"Guardian Daemon (Yugoloth, Guardian)",guardian daemon
Gulgurthra (Otyugh),gulgurthra
Gynosphinx,gynosphinx
Gynosphinx (Sphinx),gynosphinx
Hag,hag
Hairfoot,hairfoot
Hairy,hairy
Half-Elf,half-elf
Hangman Tree,hangman tree
"Hangman Tree (Plant, Intelligent)",hangman tree
Hatori,hatori
Haunt,haunt
Hawk,hawk
Hawk (Bird),hawk
Heavy,heavy
Hedgehog,hedgehog
"Hedgehog (Mammal, Small)",hedgehog
Heriacosphinx,heriacosphinx
Heucuva,heucuva
Heway,heway
Heway (Snake),heway
Hieracosphinx,hieracosphinx
Hill,hill
Hippocampus,hippocampus
"Histachii (Yuan-ti, Histachii)",histachii
Hive Mother,hive mother
Hive Mother (Beholder),hive mother
Homonculus,homonculus
Hook Horror,hook horror
Horax,horax
Horax (Insect),horax
"Hornet, Giant",hornet giant
"Hornet, Giant (Insect)",hornet giant
Horse,horse
Horsefly,horsefly
How To Use This Book,how to use this book
Hsing-sing,hsing-sing
Hsing-sing (Mammal),hsing-sing
Huge,huge
Human,human
Hyena,hyena
Ice,ice
Illithid (Mind Flayer),illithid
"Imp, Mephit",imp mephit
Index,index
Insect,insect
Insect Swarm,insect swarm
Iron,iron
Ixitxachitl,ixitxachitl
Jackal,jackal
Jackal (Mammal),jackal
Jackalwere,jackalwere
Jann,jann
Jann (Genie),jann
"Jelly (Ooze, Slime, Jelly)",jelly
"Jermalaine (Gremlin, Jermalaine)",jermalaine
Jungle,jungle
Jungle Giant,jungle giant
Kelpie,kelpie
"Kelpie (Plant, Intelligent)",kelpie
Kenku,kenku
Ki-rin,ki-rin
Killer,killer
Killmoulis,killmoulis
Killmoulis (Brownie),killmoulis
King,king
Kingfisher,kingfisher
Kingfisher (Bird),kingfisher
Kirre,kirre
Korred (Satyr),korred
"Kraken (Squid, Giant)",kraken
Lacedon (Ghoul),lacedon
Lambeosaurus,lambeosaurus
Lambeosaurus (Dinosaur),lambeosaurus
Lammasu,lammasu
Lamprey,lamprey
Lamprey (Fish),lamprey
"Lamprey, Giant",lamprey giant
"Lamprey, Land",lamprey land
"Lamprey, Land (Fish)",lamprey land
Land,land
Land Shark (Bulette),land shark
Large,large
Larva,larva
Lava,lava
Leech,leech
Lensman,lensman
Lensman (Beholder),lensman
Leprechaun,leprechaun
Lernaean,lernaean
Lernaean (Hydra),lernaean
Lesser,lesser
Leucrotta,leucrotta
Leviathan,leviathan
Leviathan (Whale),leviathan
Light,light
Living Wall,living wall
Lizard,lizard
Locusts,locusts
Losel,losel
Losel (Mammal),losel
Lurker,lurker
"Lycanthrope, General",lycanthrope general
"Lynx (Cat, Great)",lynx
Maedar,maedar
Magical Items for Character Encounters,magical items for character encounters
Magical Items for NPC Parties,magical items for npc parties
Making Monsters,making monsters
Malenti,malenti
"Malenti (Elf, Aquatic)",malenti
Malephus,malephus
Malephus (Titan),malephus
Mammal,mammal
"Mammal, Herd",mammal herd
"Mammal, Small",mammal small
Mammoth (Elephant),mammoth
Mane,mane
Mane (Titan),mane
Manscorpion,manscorpion
Manta Ray,manta ray
Manta Ray (Fish),manta ray
Mantrap,mantrap
Margoyle,margoyle
Margoyle (Gargoyle),margoyle
Marid,marid
Marid (Genie),marid
Marilith,marilith
Marilith (Tanar'ri),marilith
Marine,marine
Marine Eel (Fish),marine eel
Medium,medium
"Medusa, Maedar",medusa maedar
Mephit (Imp),mephit
Mercury,mercury
Mercury Dragon,mercury dragon
Merrow (Ogre),merrow
Mimic,mimic
Mink,mink
Mist,mist
Mist Dragon,mist dragon
"Mist, Crimson Death",mist crimson death
"Mist, Vampiric",mist vampiric
Mold,mold
Mold Man,mold man
Mole,mole
"Mole (Mammal, Small)",mole
Mongrelman,mongrelman
Monkey,monkey
"Monkey (Mammal, Small)",monkey
Monkey Spider,monkey spider
Monkey Spider (Mammal),monkey spider
"Monsoon (Elemental, Composite)",monsoon
Monster,monster
Monster Summoning,monster summoning
Monster Summoning I,monster summoning i
Monster Summoning II,monster summoning ii
Monster Summoning III,monster summoning iii
Monster Summoning IV,monster summoning iv
Monster Summoning V,monster summoning v
Monster Summoning VI,monster summoning vi
Monster Summoning VII,monster summoning vii
Morkoth,morkoth
Mountain,mountain
Mountain Giant,mountain giant
"Mountain Lion (Cat, Great)",mountain lion
Mouse,mouse
"Mouse (Mammal, Small)",mouse
Muckdweller,muckdweller
Mudman,mudman
Mule,mule
Mule (Horse),mule
"Mummy, Greater",mummy greater
"Musk Creeper, Yelllow (Plant, Dangerous)",musk creeper yelllow
"Musk Zombie, Yellow (Plant, Dangerous)",musk zombie yellow
Muskrat,muskrat
"Muskrat (Mammal, Small)",muskrat
Mustard Jelly,mustard jelly
Myconid,myconid
Naga,naga
"Naga, Dark",naga dark
Narwhal,narwhal
Narwhal (Whale),narwhal
Necrophidius (Death Worm),necrophidius
"Necrophidius (Golem, Necrophidius)",necrophidius
Neo-Otyugh,neo-otyugh
Neogi,neogi
Nereid,nereid
"Nereid (Elemental, Water-Kin)",nereid
Night Hunter,night hunter
Night Hunter (Bat),night hunter
Nixie,nixie
Nixie (Sprite),nixie
NPC Parties,npc parties
NPCs,npcs
Obliviax,obliviax
"Obliviax (Plant, Intelligent)",obliviax
"Octopus, Giant",octopus giant
"Ogre, Half-",ogre half-
Oliphant (Elephant),oliphant
Olive Slime,olive slime
Olive Slime Creature,olive slime creature
Ooze/Slime/Jelly,ooze/slime/jelly
Opposum,opposum
"Opposum (Mammal, Small)",opposum
Orbus,orbus
Orbus (Beholder),orbus
Orog,orog
Osquip,osquip
Osquip (Rat),osquip
Other Worlds,other worlds
Otter,otter
"Otter (Mammal, Small)",otter
"Otter, Sea",otter sea
Overseer,overseer
Owl,owl
Owl (Bird),owl
"Pech (Elemental, Earth-Kin)",pech
Pericon (Insect),pericon
Pernicon,pernicon
Phantom,phantom
Phase,phase
Phoenix,phoenix
Phycomid (Fungus),phycomid
Piercer,piercer
"Pig, Domestic",pig domestic
"Pig, Domestic (Mammal, Small)",pig domestic
"Pig, Giant",pig giant
"Pig, Wild",pig wild
"Pig, Wild (Mammal, Small)",pig wild
"Pike, Giant",pike giant
"Pike, Giant (Fish)",pike giant
Piranha,piranha
Piranha (Fish),piranha
"Piranha, Giant",piranha giant
"Piranha, Giant (Fish)",piranha giant
"Plant, Dangerous",plant dangerous
"Plant, Intelligent",plant intelligent
Poisonous,poisonous
Poisonous Frog (Frog),poisonous frog
Polar,polar
Poltergeist,poltergeist
Pony,pony
Pony (Horse),pony
Porcupine (Mammal),porcupine
"Porcupine, Black",porcupine black
"Porcupine, Brown",porcupine brown
Porphyl,porphyl
Porphyl (Titan),porphyl
Praying Mantis,praying mantis
Praying Mantis (Insect),praying mantis
Pteranodon,pteranodon
Pteranodon (Dinosaur),pteranodon
"Pudding, Deadly",pudding deadly
Pungi Ray,pungi ray
Pungi Ray (Fish),pungi ray
Pyrohydra,pyrohydra
Quaggoth,quaggoth
Quasit,quasit
Quasit (Imp),quasit
Queen,queen
Quickwood,quickwood
"Quickwood (Plant, Intelligent)",quickwood
Quipper,quipper
Quipper (Fish),quipper
Rabbit,rabbit
"Rabbit (Mammal, Small)",rabbit
Race Subtable,race subtable
Racoon,racoon
"Racoon (Mammal, Small)",racoon
Rat,rat
Raven,raven
Raven (Bird),raven
Red Abishai,red abishai
Red Abishai (Baatezu),red abishai
Red Dragon,red dragon
Reef,reef
Reef Giant,reef giant
Retch Plant,retch plant
"Retch Plant (Plant, Dangerous)",retch plant
Rhinoceros,rhinoceros
Riding,riding
Riding Horse (Horse),riding horse
Rothe,rothe
Rothe (Mammal),rothe
Russet,russet
"Sandling (Elemental, Earth-Kin)",sandling
Sapphire Dragon,sapphire dragon
Scarecrow,scarecrow
"Scarecrow (Golem, Scarecrow)",scarecrow
Scorpion,scorpion
"Sea Elf (Elf, Aquatic)",sea elf
Sea Lion,sea lion
"Sea Otter (Mammal, Small)",sea otter
Sea Sprite,sea sprite
"Seahorse, Giant",seahorse giant
"Seahorse, Giant (Fish)",seahorse giant
Seawolf,seawolf
Seawolf (Lycanthrope),seawolf
Selkie,selkie
"Serpent, Winged (Snake, Winged)",serpent winged
Shadow Dragon,shadow dragon
Shark,shark
Shark (Fish),shark
"Shark, Giant",shark giant
"Shark, Giant (Fish)",shark giant
Shedu,shedu
"Shedu, Greater",shedu greater
Sheep,sheep
"Sheep (Mammal, Herd)",sheep
Shrieker (Fungus),shrieker
Silver Dragon,silver dragon
Sinister,sinister
Sinster (Bat),sinster
Sirine,sirine
"Skeleton, Giant",skeleton giant
"Skeleton, Warrior",skeleton warrior
Skriaxit,skriaxit
"Skriaxit (Elemental, Composite)",skriaxit
Skunk,skunk
Skunk (Mammal),skunk
Skyfisher,skyfisher
Skyfisher (Bird),skyfisher
Slaad,slaad
Sleek,sleek
Sleek (Mammal),sleek
"Slime, Green (Ooze, Slime, Jelly)",slime green
"Slime, Olive (Ooze/Slime/Jelly)",slime olive
Slithering Tracker,slithering tracker
Slithering Tracker (Ooze/Slime/Jelly),slithering tracker
"Slug, Giant",slug giant
Slyph,slyph
Smoke,smoke
Snake,snake
"Snake, Winged",snake winged
Snapper-Saw,snapper-saw
"Snapper-Saw (Plant, Dangerous)",snapper-saw
Soldier,soldier
Spectator,spectator
Spectator (Beholder),spectator
Spectre,spectre
Sphinx,sphinx
Spider,spider
Spider Monkey (Mammal),spider monkey
Spirit,spirit
"Spore, Gas (Fungus)",spore gas
"Spotted Lion (Cat, Great)",spotted lion
"Spriggan, Gnome",spriggan gnome
"Squid, Giant",squid giant
Squirrel,squirrel
"Squirrel (Mammal, Small)",squirrel
"Squirrel, Flying",squirrel flying
"Squirrel, Flying (Mammal, Small)",squirrel flying
"Squirrel, Giant Black (Mammal, Small)",squirrel giant black
Stag,stag
"Stag, Wild",stag wild
"Stag, Wild (Mammal)",stag wild
Steam,steam
Steel,steel
Steel Dragon,steel dragon
Stegosaurus,stegosaurus
Stegosaurus (Dinosaur),stegosaurus
Stench Kow,stench kow
Stench Kow (Mammal),stench kow
Steppe Pony,steppe pony
Steppe Pony (Horse),steppe pony
Sting Ray (Fish),sting ray
Stingray,stingray
Stone,stone
"Stone Constructs (Golem, Stone Variants)",stone constructs
Storm,storm
Stout,stout
Stout (Halfling),stout
Strangleweed,strangleweed
"Strangleweed (Plant, Intelligent)",strangleweed
Strige,strige
Stun Jelly,stun jelly
Subterranean,subterranean
Summoning Monsters,summoning monsters
"Sundew, Giant",sundew giant
"Sundew, Giant (Plant, Intelligent)",sundew giant
Swan,swan
Swan (Bird),swan
Swanmay,swanmay
Swarm,swarm
Sword,sword
Sylia (Titan),sylia
Syllia,syllia
"Sylph (Elemental, Air-Kin)",sylph
Tabaxi,tabaxi
Table I,table i
Table II,table ii
Table III,table iii
Table IV,table iv
Taer,taer
Taer (Mammal),taer
Tako,tako
Tallfellow,tallfellow
Tallfellow (Halfling),tallfellow
Tanar'ri,tanar'ri
Tasloi,tasloi
"Tempest (Elemental, Composite)",tempest
Tenebrous Worm,tenebrous worm
Tenebrous Worm (Gloomwing),tenebrous worm
"Termite, Giant (Insect)",termite giant
"Termite, Giant Harvester",termite giant harvester
Terrain Guide,terrain guide
The Monsters,monsters
Therianthrope (Lycanthrope),therianthrope
Thorn-Slinger,thorn-slinger
"Thorn-Slinger (Plant, Dangerous)",thorn-slinger
Thorny,thorny
"Thorny (Plant, Intelligent)",thorny
Thought-Eater,thought-eater
Thri-Keen,thri-keen
Throat,throat
"Tick, Giant",tick giant
"Tick, Giant (Insect)",tick giant
Tinker,tinker
Tinker (Gnome),tinker
"Toad, Giant",toad giant
Topaz Dragon,topaz dragon
Tri-Flower Frond,tri-flower frond
"Tri-Flower Frond (Plant, Dangerous)",tri-flower frond
Triceratops,triceratops
Triceratops (Dinosaur),triceratops
Triton,triton
Tunnel Worm (Centipede),tunnel worm
Tyrannosaurus Rex (Dinosaur),tyrannosaurus rex
Tyranosaurus,tyranosaurus
Tyrg,tyrg
Tyrg (Mammal),tyrg
Undead (Death Tyrant),undead
Undead (Death Tyrant) (Beholder),undead
Urchin,urchin
Urd,urd
Urd (Kobold),urd
Vampiric,vampiric
"Vampiric Mist (Mist, Vampiric)",vampiric mist
"Vampiric, Greater",vampiric greater
Vegepygmy (Mold Man),vegepygmy
Velvet Ants,velvet ants
Verbeeg,verbeeg
Violet Fungus (Fungus),violet fungus
"Voadkyn (Giant, Wood)",voadkyn
Vodyanoi,vodyanoi
Vodyanoi (Umber Hulk),vodyanoi
Vulture,vulture
Vulture (Bird),vulture
"Wall, Living (Living Wall)",wall living
War,war
Warthog,warthog
Warthog (Mammal),warthog
"Wasp, Giant",wasp giant
"Wasp, Giant (Insect)",wasp giant
Watcher,watcher
Watcher (Beholder),watcher
Water,water
Water Beholder (Eye of the Deep),water beholder
"Water Elemental (Elemental, Fire/Water)",water elemental
"Water Weird (Elemental, Water-Kin)",water weird
Water Wierd,water wierd
Weasel,weasel
Weasel (Mammal),weasel
Weed,weed
Weed Eel (Fish),weed eel
Wemic,wemic
Werebat,werebat
Werebat (Lycanthrope),werebat
Werefox (Foxwoman),werefox
Werefox (Lycanthrope),werefox
Wereraven,wereraven
Wereraven (Lycanthrope),wereraven
Western,western
Whale,whale
White Dragon,white dragon
Wild,wild
"Wild Baboon (Mammal, Small)",wild baboon
"Wild Cat (Cat, Small)",wild cat
"Wild Pig (Mammal, Small)",wild pig
Will o'wisp,will o'wisp
"Winged Sanke (Snake, Winged)",winged sanke
Wolf,wolf
Wolfwere,wolfwere
Wolverine,wolverine
Wolverine (Mammal),wolverine
Wood (Slyvan),wood
Wood (Voadkyn),wood
Wood Giant,wood giant
Woodchuck,woodchuck
Woodchuck (Mammal),woodchuck
Worker,worker
Worm,worm
"Worm, Death (Necrophidius)",worm death
Xaren,xaren
Yaun-ti Histachii,yaun-ti histachii
Yellow,yellow
Yellow Dragon,yellow dragon
Yellow Musk,yellow musk
"Yellow Musk Creeper (Plant, Dangerous)",yellow musk creeper
Yugoloth (Guardian),yugoloth
Zaratan,zaratan
Zombie Creeper,zombie creeper
